{"UUID":"pnwx0eDUQiJHOoKqto1p9l","layoutMainAxisSizing":null,"layoutCrossAxisSizing":null,"name":"Debrise Application","isVisible":true,"boundaryRectangle":null,"style":null,"prototypeNodeUUID":null,"child":null,"constraints":null,"debug":false,"pngPath":"/usr/src/app/temp-out/pb-tmp-453b1257-432a-4ee2-b775-8f7c4a1e00d3/debrise/lib/assets/images","pages":[{"UUID":"0:1","layoutMainAxisSizing":null,"layoutCrossAxisSizing":null,"name":"Page 1","isVisible":true,"boundaryRectangle":null,"style":null,"prototypeNodeUUID":null,"child":null,"constraints":null,"convert":true,"screens":[{"UUID":"10:371","layoutMainAxisSizing":null,"layoutCrossAxisSizing":null,"name":"Splash Screen3","boundaryRectangle":null,"style":null,"prototypeNodeUUID":null,"child":null,"constraints":null,"convert":true,"imageURI":null,"pbdlType":"screen","designNode":{"UUID":"10:371","layoutMainAxisSizing":"INHERIT","layoutCrossAxisSizing":"INHERIT","name":"Splash Screen3","isVisible":true,"style":{"UUID":"","layoutMainAxisSizing":null,"layoutCrossAxisSizing":null,"name":"","isVisible":true,"boundaryRectangle":null,"style":null,"prototypeNodeUUID":"","child":null,"constraints":null,"fills":[{"gradientStops":null,"gradientHandlePositions":[],"imageRef":null,"color":{"a":1.0,"r":1.0,"g":1.0,"b":1.0},"opacity":100,"blendMode":"NORMAL","type":"SOLID","isEnabled":true}],"borderOptions":{"borders":[],"strokeWeight":1.0,"strokeAlign":"INSIDE","strokeJoin":null,"strokeDashes":null,"cornerRadius":null},"effects":[],"textStyle":null,"clipsContent":true,"pbdlType":"style"},"prototypeNodeUUID":null,"child":null,"constraints":null,"backgroundColor":{"a":1.0,"r":1.0,"g":1.0,"b":1.0},"boundaryRectangle":{"constrainProportions":false,"constraints":null,"height":800.0,"width":413.0,"x":316.0,"y":-401.0,"z":0.0,"type":"boundaryBox"},"isFlowHome":false,"pbdlType":"artboard","children":[{"UUID":"42:5","layoutMainAxisSizing":"INHERIT","layoutCrossAxisSizing":"INHERIT","name":"Group 3","isVisible":true,"boundaryRectangle":{"constrainProportions":false,"constraints":null,"height":666.0,"width":363.0,"x":341.0,"y":-347.0,"z":0.0,"type":"boundaryBox"},"style":{"UUID":"","layoutMainAxisSizing":null,"layoutCrossAxisSizing":null,"name":"","isVisible":true,"boundaryRectangle":null,"style":null,"prototypeNodeUUID":"","child":null,"constraints":null,"fills":[],"borderOptions":{"borders":[],"strokeWeight":1.0,"strokeAlign":"INSIDE","strokeJoin":null,"strokeDashes":null,"cornerRadius":null},"effects":[],"textStyle":null,"clipsContent":false,"pbdlType":"style"},"prototypeNodeUUID":null,"constraints":{"pinLeft":true,"pinRight":false,"pinTop":true,"pinBottom":false,"fixedHeight":true,"fixedWidth":true},"children":[{"UUID":"42:4","layoutMainAxisSizing":"INHERIT","layoutCrossAxisSizing":"INHERIT","name":"Group 2","isVisible":true,"boundaryRectangle":{"constrainProportions":false,"constraints":null,"height":666.0,"width":363.0,"x":341.0,"y":-347.0,"z":0.0,"type":"boundaryBox"},"style":{"UUID":"","layoutMainAxisSizing":null,"layoutCrossAxisSizing":null,"name":"","isVisible":true,"boundaryRectangle":null,"style":null,"prototypeNodeUUID":"","child":null,"constraints":null,"fills":[],"borderOptions":{"borders":[],"strokeWeight":1.0,"strokeAlign":"INSIDE","strokeJoin":null,"strokeDashes":null,"cornerRadius":null},"effects":[],"textStyle":null,"clipsContent":false,"pbdlType":"style"},"prototypeNodeUUID":null,"constraints":{"pinLeft":true,"pinRight":false,"pinTop":true,"pinBottom":false,"fixedHeight":true,"fixedWidth":true},"children":[{"UUID":"10:372","layoutMainAxisSizing":"INHERIT","layoutCrossAxisSizing":"INHERIT","name":"undraw_join_re_w1lh 1","isVisible":true,"boundaryRectangle":{"constrainProportions":false,"constraints":null,"height":279.9999694824219,"width":275.0396728515625,"x":390.0501708984375,"y":-347.0,"z":0.0,"type":"boundaryBox"},"style":{"UUID":"","layoutMainAxisSizing":null,"layoutCrossAxisSizing":null,"name":"","isVisible":true,"boundaryRectangle":null,"style":null,"prototypeNodeUUID":"","child":null,"constraints":null,"fills":[],"borderOptions":{"borders":[],"strokeWeight":0.525872528553009,"strokeAlign":"INSIDE","strokeJoin":null,"strokeDashes":null,"cornerRadius":null},"effects":[],"textStyle":null,"clipsContent":false,"pbdlType":"style"},"prototypeNodeUUID":null,"constraints":{"pinLeft":false,"pinRight":false,"pinTop":false,"pinBottom":false,"fixedHeight":true,"fixedWidth":true},"children":[{"UUID":"10:373","layoutMainAxisSizing":"INHERIT","layoutCrossAxisSizing":"INHERIT","name":"Vector","isVisible":true,"boundaryRectangle":{"constrainProportions":false,"constraints":null,"height":82.0361099243164,"width":95.9022216796875,"x":542.8225708007812,"y":-149.0361328125,"z":0.0,"type":"boundaryBox"},"child":null,"constraints":{"pinLeft":true,"pinRight":true,"pinTop":true,"pinBottom":true,"fixedHeight":false,"fixedWidth":false},"style":{"UUID":"","layoutMainAxisSizing":null,"layoutCrossAxisSizing":null,"name":"","isVisible":true,"boundaryRectangle":null,"style":null,"prototypeNodeUUID":"","child":null,"constraints":null,"fills":[{"gradientStops":null,"gradientHandlePositions":[],"imageRef":null,"color":{"a":1.0,"r":0.18431372940540314,"g":0.18039216101169586,"b":0.2549019753932953},"opacity":100,"blendMode":"NORMAL","type":"SOLID","isEnabled":true}],"borderOptions":{"borders":[],"strokeWeight":0.525872528553009,"strokeAlign":"INSIDE","strokeJoin":null,"strokeDashes":null,"cornerRadius":null},"effects":[],"textStyle":null,"clipsContent":null,"pbdlType":"style"},"imageReference":"images/vector.svg","prototypeNodeUUID":null,"pbdlType":"image"},{"UUID":"10:374","layoutMainAxisSizing":"INHERIT","layoutCrossAxisSizing":"INHERIT","name":"Vector","isVisible":true,"boundaryRectangle":{"constrainProportions":false,"constraints":null,"height":151.7466278076172,"width":43.7652587890625,"x":507.21820068359375,"y":-246.84841918945312,"z":1.0,"type":"boundaryBox"},"child":null,"constraints":{"pinLeft":true,"pinRight":true,"pinTop":true,"pinBottom":true,"fixedHeight":false,"fixedWidth":false},"style":{"UUID":"","layoutMainAxisSizing":null,"layoutCrossAxisSizing":null,"name":"","isVisible":true,"boundaryRectangle":null,"style":null,"prototypeNodeUUID":"","child":null,"constraints":null,"fills":[{"gradientStops":null,"gradientHandlePositions":[],"imageRef":null,"color":{"a":1.0,"r":1.0,"g":0.7137255072593689,"b":0.7137255072593689},"opacity":100,"blendMode":"NORMAL","type":"SOLID","isEnabled":true}],"borderOptions":{"borders":[],"strokeWeight":0.525872528553009,"strokeAlign":"INSIDE","strokeJoin":null,"strokeDashes":null,"cornerRadius":null},"effects":[],"textStyle":null,"clipsContent":null,"pbdlType":"style"},"imageReference":"images/vector.svg","prototypeNodeUUID":null,"pbdlType":"image"},{"UUID":"10:375","layoutMainAxisSizing":"INHERIT","layoutCrossAxisSizing":"INHERIT","name":"Vector","isVisible":true,"boundaryRectangle":{"constrainProportions":false,"constraints":null,"height":27.6248779296875,"width":25.873779296875,"x":573.6922607421875,"y":-294.9657287597656,"z":2.0,"type":"boundaryBox"},"child":null,"constraints":{"pinLeft":true,"pinRight":true,"pinTop":true,"pinBottom":true,"fixedHeight":false,"fixedWidth":false},"style":{"UUID":"","layoutMainAxisSizing":null,"layoutCrossAxisSizing":null,"name":"","isVisible":true,"boundaryRectangle":null,"style":null,"prototypeNodeUUID":"","child":null,"constraints":null,"fills":[{"gradientStops":null,"gradientHandlePositions":[],"imageRef":null,"color":{"a":1.0,"r":1.0,"g":0.7137255072593689,"b":0.7137255072593689},"opacity":100,"blendMode":"NORMAL","type":"SOLID","isEnabled":true}],"borderOptions":{"borders":[],"strokeWeight":0.525872528553009,"strokeAlign":"INSIDE","strokeJoin":null,"strokeDashes":null,"cornerRadius":null},"effects":[],"textStyle":null,"clipsContent":null,"pbdlType":"style"},"imageReference":"images/vector.svg","prototypeNodeUUID":null,"pbdlType":"image"},{"UUID":"10:376","layoutMainAxisSizing":"INHERIT","layoutCrossAxisSizing":"INHERIT","name":"Vector","isVisible":true,"boundaryRectangle":{"constrainProportions":false,"constraints":null,"height":27.6248779296875,"width":25.873779296875,"x":573.6922607421875,"y":-294.9657287597656,"z":3.0,"type":"boundaryBox"},"child":null,"constraints":{"pinLeft":true,"pinRight":true,"pinTop":true,"pinBottom":true,"fixedHeight":false,"fixedWidth":false},"style":{"UUID":"","layoutMainAxisSizing":null,"layoutCrossAxisSizing":null,"name":"","isVisible":true,"boundaryRectangle":null,"style":null,"prototypeNodeUUID":"","child":null,"constraints":null,"fills":[{"gradientStops":null,"gradientHandlePositions":[],"imageRef":null,"color":{"a":1.0,"r":0.0,"g":0.0,"b":0.0},"opacity":100,"blendMode":"NORMAL","type":"SOLID","isEnabled":true}],"borderOptions":{"borders":[],"strokeWeight":0.525872528553009,"strokeAlign":"INSIDE","strokeJoin":null,"strokeDashes":null,"cornerRadius":null},"effects":[],"textStyle":null,"clipsContent":null,"pbdlType":"style"},"imageReference":"images/vector.svg","prototypeNodeUUID":null,"pbdlType":"image"},{"UUID":"10:377","layoutMainAxisSizing":"INHERIT","layoutCrossAxisSizing":"INHERIT","name":"Vector","isVisible":true,"boundaryRectangle":{"constrainProportions":false,"constraints":null,"height":169.16683959960938,"width":139.5350341796875,"x":517.9554443359375,"y":-290.658447265625,"z":4.0,"type":"boundaryBox"},"child":null,"constraints":{"pinLeft":true,"pinRight":true,"pinTop":true,"pinBottom":true,"fixedHeight":false,"fixedWidth":false},"style":{"UUID":"","layoutMainAxisSizing":null,"layoutCrossAxisSizing":null,"name":"","isVisible":true,"boundaryRectangle":null,"style":null,"prototypeNodeUUID":"","child":null,"constraints":null,"fills":[{"gradientStops":null,"gradientHandlePositions":[],"imageRef":null,"color":{"a":1.0,"r":0.9019607901573181,"g":0.9019607901573181,"b":0.9019607901573181},"opacity":100,"blendMode":"NORMAL","type":"SOLID","isEnabled":true}],"borderOptions":{"borders":[],"strokeWeight":0.525872528553009,"strokeAlign":"INSIDE","strokeJoin":null,"strokeDashes":null,"cornerRadius":null},"effects":[],"textStyle":null,"clipsContent":null,"pbdlType":"style"},"imageReference":"images/vector.svg","prototypeNodeUUID":null,"pbdlType":"image"},{"UUID":"10:378","layoutMainAxisSizing":"INHERIT","layoutCrossAxisSizing":"INHERIT","name":"Vector","isVisible":true,"boundaryRectangle":{"constrainProportions":false,"constraints":null,"height":50.313873291015625,"width":39.69476318359375,"x":560.1018676757812,"y":-337.12335205078125,"z":5.0,"type":"boundaryBox"},"child":null,"constraints":{"pinLeft":true,"pinRight":true,"pinTop":true,"pinBottom":true,"fixedHeight":false,"fixedWidth":false},"style":{"UUID":"","layoutMainAxisSizing":null,"layoutCrossAxisSizing":null,"name":"","isVisible":true,"boundaryRectangle":null,"style":null,"prototypeNodeUUID":"","child":null,"constraints":null,"fills":[{"gradientStops":null,"gradientHandlePositions":[],"imageRef":null,"color":{"a":1.0,"r":1.0,"g":0.7137255072593689,"b":0.7137255072593689},"opacity":100,"blendMode":"NORMAL","type":"SOLID","isEnabled":true}],"borderOptions":{"borders":[],"strokeWeight":0.525872528553009,"strokeAlign":"INSIDE","strokeJoin":null,"strokeDashes":null,"cornerRadius":null},"effects":[],"textStyle":null,"clipsContent":null,"pbdlType":"style"},"imageReference":"images/vector.svg","prototypeNodeUUID":null,"pbdlType":"image"},{"UUID":"10:379","layoutMainAxisSizing":"INHERIT","layoutCrossAxisSizing":"INHERIT","name":"Vector","isVisible":true,"boundaryRectangle":{"constrainProportions":false,"constraints":null,"height":42.143157958984375,"width":51.58056640625,"x":553.9879760742188,"y":-347.0,"z":6.0,"type":"boundaryBox"},"child":null,"constraints":{"pinLeft":true,"pinRight":true,"pinTop":true,"pinBottom":true,"fixedHeight":false,"fixedWidth":false},"style":{"UUID":"","layoutMainAxisSizing":null,"layoutCrossAxisSizing":null,"name":"","isVisible":true,"boundaryRectangle":null,"style":null,"prototypeNodeUUID":"","child":null,"constraints":null,"fills":[{"gradientStops":null,"gradientHandlePositions":[],"imageRef":null,"color":{"a":1.0,"r":0.18431372940540314,"g":0.18039216101169586,"b":0.2549019753932953},"opacity":100,"blendMode":"NORMAL","type":"SOLID","isEnabled":true}],"borderOptions":{"borders":[],"strokeWeight":0.525872528553009,"strokeAlign":"INSIDE","strokeJoin":null,"strokeDashes":null,"cornerRadius":null},"effects":[],"textStyle":null,"clipsContent":null,"pbdlType":"style"},"imageReference":"images/vector.svg","prototypeNodeUUID":null,"pbdlType":"image"},{"UUID":"10:380","layoutMainAxisSizing":"INHERIT","layoutCrossAxisSizing":"INHERIT","name":"Group","isVisible":true,"boundaryRectangle":{"constrainProportions":false,"constraints":null,"height":141.66175842285156,"width":210.09271240234375,"x":390.0501708984375,"y":-247.08421325683594,"z":7.0,"type":"boundaryBox"},"style":{"UUID":"","layoutMainAxisSizing":null,"layoutCrossAxisSizing":null,"name":"","isVisible":true,"boundaryRectangle":null,"style":null,"prototypeNodeUUID":"","child":null,"constraints":null,"fills":[],"borderOptions":{"borders":[],"strokeWeight":0.525872528553009,"strokeAlign":"INSIDE","strokeJoin":null,"strokeDashes":null,"cornerRadius":null},"effects":[],"textStyle":null,"clipsContent":false,"pbdlType":"style"},"prototypeNodeUUID":null,"constraints":{"pinLeft":false,"pinRight":false,"pinTop":false,"pinBottom":false,"fixedHeight":false,"fixedWidth":false},"children":[{"UUID":"10:381","layoutMainAxisSizing":"INHERIT","layoutCrossAxisSizing":"INHERIT","name":"Vector","isVisible":true,"boundaryRectangle":{"constrainProportions":false,"constraints":null,"height":121.08711242675781,"width":203.9974365234375,"x":390.0501708984375,"y":-226.5095672607422,"z":0.0,"type":"boundaryBox"},"child":null,"constraints":{"pinLeft":true,"pinRight":true,"pinTop":true,"pinBottom":true,"fixedHeight":false,"fixedWidth":false},"style":{"UUID":"","layoutMainAxisSizing":null,"layoutCrossAxisSizing":null,"name":"","isVisible":true,"boundaryRectangle":null,"style":null,"prototypeNodeUUID":"","child":null,"constraints":null,"fills":[{"gradientStops":null,"gradientHandlePositions":[],"imageRef":null,"color":{"a":1.0,"r":1.0,"g":1.0,"b":1.0},"opacity":100,"blendMode":"NORMAL","type":"SOLID","isEnabled":true}],"borderOptions":{"borders":[],"strokeWeight":0.525872528553009,"strokeAlign":"INSIDE","strokeJoin":null,"strokeDashes":null,"cornerRadius":null},"effects":[],"textStyle":null,"clipsContent":null,"pbdlType":"style"},"imageReference":"images/vector.svg","prototypeNodeUUID":null,"pbdlType":"image"},{"UUID":"10:382","layoutMainAxisSizing":"INHERIT","layoutCrossAxisSizing":"INHERIT","name":"Vector","isVisible":true,"boundaryRectangle":{"constrainProportions":false,"constraints":null,"height":121.08711242675781,"width":203.9974365234375,"x":390.0501708984375,"y":-226.5095672607422,"z":1.0,"type":"boundaryBox"},"child":null,"constraints":{"pinLeft":true,"pinRight":true,"pinTop":true,"pinBottom":true,"fixedHeight":false,"fixedWidth":false},"style":{"UUID":"","layoutMainAxisSizing":null,"layoutCrossAxisSizing":null,"name":"","isVisible":true,"boundaryRectangle":null,"style":null,"prototypeNodeUUID":"","child":null,"constraints":null,"fills":[{"gradientStops":null,"gradientHandlePositions":[],"imageRef":null,"color":{"a":1.0,"r":0.24705882370471954,"g":0.239215686917305,"b":0.33725491166114807},"opacity":100,"blendMode":"NORMAL","type":"SOLID","isEnabled":true}],"borderOptions":{"borders":[],"strokeWeight":0.525872528553009,"strokeAlign":"INSIDE","strokeJoin":null,"strokeDashes":null,"cornerRadius":null},"effects":[],"textStyle":null,"clipsContent":null,"pbdlType":"style"},"imageReference":"images/vector.svg","prototypeNodeUUID":null,"pbdlType":"image"},{"UUID":"10:383","layoutMainAxisSizing":"INHERIT","layoutCrossAxisSizing":"INHERIT","name":"Vector","isVisible":true,"boundaryRectangle":{"constrainProportions":false,"constraints":null,"height":4.908935546875,"width":5.33636474609375,"x":578.6976928710938,"y":-219.1461639404297,"z":2.0,"type":"boundaryBox"},"child":null,"constraints":{"pinLeft":true,"pinRight":true,"pinTop":true,"pinBottom":true,"fixedHeight":false,"fixedWidth":false},"style":{"UUID":"","layoutMainAxisSizing":null,"layoutCrossAxisSizing":null,"name":"","isVisible":true,"boundaryRectangle":null,"style":null,"prototypeNodeUUID":"","child":null,"constraints":null,"fills":[{"gradientStops":null,"gradientHandlePositions":[],"imageRef":null,"color":{"a":1.0,"r":0.24705882370471954,"g":0.239215686917305,"b":0.33725491166114807},"opacity":100,"blendMode":"NORMAL","type":"SOLID","isEnabled":true}],"borderOptions":{"borders":[],"strokeWeight":0.525872528553009,"strokeAlign":"INSIDE","strokeJoin":null,"strokeDashes":null,"cornerRadius":null},"effects":[],"textStyle":null,"clipsContent":null,"pbdlType":"style"},"imageReference":"images/vector.svg","prototypeNodeUUID":null,"pbdlType":"image"},{"UUID":"10:384","layoutMainAxisSizing":"INHERIT","layoutCrossAxisSizing":"INHERIT","name":"Vector","isVisible":true,"boundaryRectangle":{"constrainProportions":false,"constraints":null,"height":4.908935546875,"width":5.33636474609375,"x":585.8128051757812,"y":-219.1461639404297,"z":3.0,"type":"boundaryBox"},"child":null,"constraints":{"pinLeft":true,"pinRight":true,"pinTop":true,"pinBottom":true,"fixedHeight":false,"fixedWidth":false},"style":{"UUID":"","layoutMainAxisSizing":null,"layoutCrossAxisSizing":null,"name":"","isVisible":true,"boundaryRectangle":null,"style":null,"prototypeNodeUUID":"","child":null,"constraints":null,"fills":[{"gradientStops":null,"gradientHandlePositions":[],"imageRef":null,"color":{"a":1.0,"r":0.24705882370471954,"g":0.239215686917305,"b":0.33725491166114807},"opacity":100,"blendMode":"NORMAL","type":"SOLID","isEnabled":true}],"borderOptions":{"borders":[],"strokeWeight":0.525872528553009,"strokeAlign":"INSIDE","strokeJoin":null,"strokeDashes":null,"cornerRadius":null},"effects":[],"textStyle":null,"clipsContent":null,"pbdlType":"style"},"imageReference":"images/vector.svg","prototypeNodeUUID":null,"pbdlType":"image"},{"UUID":"10:385","layoutMainAxisSizing":"INHERIT","layoutCrossAxisSizing":"INHERIT","name":"Vector","isVisible":true,"boundaryRectangle":{"constrainProportions":false,"constraints":null,"height":4.908935546875,"width":2.33636474609375,"x":592.9278564453125,"y":-219.1461639404297,"z":4.0,"type":"boundaryBox"},"child":null,"constraints":{"pinLeft":true,"pinRight":true,"pinTop":true,"pinBottom":true,"fixedHeight":false,"fixedWidth":false},"style":{"UUID":"","layoutMainAxisSizing":null,"layoutCrossAxisSizing":null,"name":"","isVisible":true,"boundaryRectangle":null,"style":null,"prototypeNodeUUID":"","child":null,"constraints":null,"fills":[{"gradientStops":null,"gradientHandlePositions":[],"imageRef":null,"color":{"a":1.0,"r":0.24705882370471954,"g":0.239215686917305,"b":0.33725491166114807},"opacity":100,"blendMode":"NORMAL","type":"SOLID","isEnabled":true}],"borderOptions":{"borders":[],"strokeWeight":0.525872528553009,"strokeAlign":"INSIDE","strokeJoin":null,"strokeDashes":null,"cornerRadius":null},"effects":[],"textStyle":null,"clipsContent":null,"pbdlType":"style"},"imageReference":"images/vector.svg","prototypeNodeUUID":null,"pbdlType":"image"},{"UUID":"10:386","layoutMainAxisSizing":"INHERIT","layoutCrossAxisSizing":"INHERIT","name":"Vector","isVisible":true,"boundaryRectangle":{"constrainProportions":false,"constraints":null,"height":2.4544677734375,"width":180.31561279296875,"x":403.83575439453125,"y":-177.01112365722656,"z":5.0,"type":"boundaryBox"},"child":null,"constraints":{"pinLeft":true,"pinRight":true,"pinTop":true,"pinBottom":true,"fixedHeight":false,"fixedWidth":false},"style":{"UUID":"","layoutMainAxisSizing":null,"layoutCrossAxisSizing":null,"name":"","isVisible":true,"boundaryRectangle":null,"style":null,"prototypeNodeUUID":"","child":null,"constraints":null,"fills":[{"gradientStops":null,"gradientHandlePositions":[],"imageRef":null,"color":{"a":1.0,"r":0.9019607901573181,"g":0.9019607901573181,"b":0.9019607901573181},"opacity":100,"blendMode":"NORMAL","type":"SOLID","isEnabled":true}],"borderOptions":{"borders":[],"strokeWeight":0.525872528553009,"strokeAlign":"INSIDE","strokeJoin":null,"strokeDashes":null,"cornerRadius":null},"effects":[],"textStyle":null,"clipsContent":null,"pbdlType":"style"},"imageReference":"images/vector.svg","prototypeNodeUUID":null,"pbdlType":"image"},{"UUID":"10:387","layoutMainAxisSizing":"INHERIT","layoutCrossAxisSizing":"INHERIT","name":"Vector","isVisible":true,"boundaryRectangle":{"constrainProportions":false,"constraints":null,"height":3.2726287841796875,"width":154.52322387695312,"x":403.3910827636719,"y":-177.42019653320312,"z":6.0,"type":"boundaryBox"},"child":null,"constraints":{"pinLeft":true,"pinRight":true,"pinTop":true,"pinBottom":true,"fixedHeight":false,"fixedWidth":false},"style":{"UUID":"","layoutMainAxisSizing":null,"layoutCrossAxisSizing":null,"name":"","isVisible":true,"boundaryRectangle":null,"style":null,"prototypeNodeUUID":"","child":null,"constraints":null,"fills":[{"gradientStops":null,"gradientHandlePositions":[],"imageRef":null,"color":{"a":1.0,"r":0.11372549086809158,"g":0.38823530077934265,"b":0.5098039507865906},"opacity":100,"blendMode":"NORMAL","type":"SOLID","isEnabled":true}],"borderOptions":{"borders":[],"strokeWeight":0.525872528553009,"strokeAlign":"INSIDE","strokeJoin":null,"strokeDashes":null,"cornerRadius":null},"effects":[],"textStyle":null,"clipsContent":null,"pbdlType":"style"},"imageReference":"images/vector.svg","prototypeNodeUUID":null,"pbdlType":"image"},{"UUID":"10:388","layoutMainAxisSizing":"INHERIT","layoutCrossAxisSizing":"INHERIT","name":"Vector","isVisible":true,"boundaryRectangle":{"constrainProportions":false,"constraints":null,"height":6.5452423095703125,"width":16.90301513671875,"x":578.2484130859375,"y":-190.10162353515625,"z":7.0,"type":"boundaryBox"},"child":null,"constraints":{"pinLeft":true,"pinRight":true,"pinTop":true,"pinBottom":true,"fixedHeight":false,"fixedWidth":false},"style":{"UUID":"","layoutMainAxisSizing":null,"layoutCrossAxisSizing":null,"name":"","isVisible":true,"boundaryRectangle":null,"style":null,"prototypeNodeUUID":"","child":null,"constraints":null,"fills":[{"gradientStops":null,"gradientHandlePositions":[],"imageRef":null,"color":{"a":1.0,"r":0.9019607901573181,"g":0.9019607901573181,"b":0.9019607901573181},"opacity":100,"blendMode":"NORMAL","type":"SOLID","isEnabled":true}],"borderOptions":{"borders":[],"strokeWeight":0.525872528553009,"strokeAlign":"INSIDE","strokeJoin":null,"strokeDashes":null,"cornerRadius":null},"effects":[],"textStyle":null,"clipsContent":null,"pbdlType":"style"},"imageReference":"images/vector.svg","prototypeNodeUUID":null,"pbdlType":"image"},{"UUID":"10:389","layoutMainAxisSizing":"INHERIT","layoutCrossAxisSizing":"INHERIT","name":"Vector","isVisible":true,"boundaryRectangle":{"constrainProportions":false,"constraints":null,"height":6.5452423095703125,"width":72.69439697265625,"x":395.94635009765625,"y":-207.28289794921875,"z":8.0,"type":"boundaryBox"},"child":null,"constraints":{"pinLeft":true,"pinRight":true,"pinTop":true,"pinBottom":true,"fixedHeight":false,"fixedWidth":false},"style":{"UUID":"","layoutMainAxisSizing":null,"layoutCrossAxisSizing":null,"name":"","isVisible":true,"boundaryRectangle":null,"style":null,"prototypeNodeUUID":"","child":null,"constraints":null,"fills":[{"gradientStops":null,"gradientHandlePositions":[],"imageRef":null,"color":{"a":1.0,"r":0.9019607901573181,"g":0.9019607901573181,"b":0.9019607901573181},"opacity":100,"blendMode":"NORMAL","type":"SOLID","isEnabled":true}],"borderOptions":{"borders":[],"strokeWeight":0.525872528553009,"strokeAlign":"INSIDE","strokeJoin":null,"strokeDashes":null,"cornerRadius":null},"effects":[],"textStyle":null,"clipsContent":null,"pbdlType":"style"},"imageReference":"images/vector.svg","prototypeNodeUUID":null,"pbdlType":"image"},{"UUID":"10:390","layoutMainAxisSizing":"INHERIT","layoutCrossAxisSizing":"INHERIT","name":"Vector","isVisible":true,"boundaryRectangle":{"constrainProportions":false,"constraints":null,"height":2.4544677734375,"width":180.31561279296875,"x":403.83575439453125,"y":-140.194091796875,"z":9.0,"type":"boundaryBox"},"child":null,"constraints":{"pinLeft":true,"pinRight":true,"pinTop":true,"pinBottom":true,"fixedHeight":false,"fixedWidth":false},"style":{"UUID":"","layoutMainAxisSizing":null,"layoutCrossAxisSizing":null,"name":"","isVisible":true,"boundaryRectangle":null,"style":null,"prototypeNodeUUID":"","child":null,"constraints":null,"fills":[{"gradientStops":null,"gradientHandlePositions":[],"imageRef":null,"color":{"a":1.0,"r":0.9019607901573181,"g":0.9019607901573181,"b":0.9019607901573181},"opacity":100,"blendMode":"NORMAL","type":"SOLID","isEnabled":true}],"borderOptions":{"borders":[],"strokeWeight":0.525872528553009,"strokeAlign":"INSIDE","strokeJoin":null,"strokeDashes":null,"cornerRadius":null},"effects":[],"textStyle":null,"clipsContent":null,"pbdlType":"style"},"imageReference":"images/vector.svg","prototypeNodeUUID":null,"pbdlType":"image"},{"UUID":"10:391","layoutMainAxisSizing":"INHERIT","layoutCrossAxisSizing":"INHERIT","name":"Vector","isVisible":true,"boundaryRectangle":{"constrainProportions":false,"constraints":null,"height":3.2726287841796875,"width":94.03988647460938,"x":402.3910827636719,"y":-140.60317993164062,"z":10.0,"type":"boundaryBox"},"child":null,"constraints":{"pinLeft":true,"pinRight":true,"pinTop":true,"pinBottom":true,"fixedHeight":false,"fixedWidth":false},"style":{"UUID":"","layoutMainAxisSizing":null,"layoutCrossAxisSizing":null,"name":"","isVisible":true,"boundaryRectangle":null,"style":null,"prototypeNodeUUID":"","child":null,"constraints":null,"fills":[{"gradientStops":null,"gradientHandlePositions":[],"imageRef":null,"color":{"a":1.0,"r":0.11372549086809158,"g":0.38823530077934265,"b":0.5098039507865906},"opacity":100,"blendMode":"NORMAL","type":"SOLID","isEnabled":true}],"borderOptions":{"borders":[],"strokeWeight":0.525872528553009,"strokeAlign":"INSIDE","strokeJoin":null,"strokeDashes":null,"cornerRadius":null},"effects":[],"textStyle":null,"clipsContent":null,"pbdlType":"style"},"imageReference":"images/vector.svg","prototypeNodeUUID":null,"pbdlType":"image"},{"UUID":"10:392","layoutMainAxisSizing":"INHERIT","layoutCrossAxisSizing":"INHERIT","name":"Vector","isVisible":true,"boundaryRectangle":{"constrainProportions":false,"constraints":null,"height":6.5452423095703125,"width":16.90301513671875,"x":578.2484130859375,"y":-153.2845916748047,"z":11.0,"type":"boundaryBox"},"child":null,"constraints":{"pinLeft":true,"pinRight":true,"pinTop":true,"pinBottom":true,"fixedHeight":false,"fixedWidth":false},"style":{"UUID":"","layoutMainAxisSizing":null,"layoutCrossAxisSizing":null,"name":"","isVisible":true,"boundaryRectangle":null,"style":null,"prototypeNodeUUID":"","child":null,"constraints":null,"fills":[{"gradientStops":null,"gradientHandlePositions":[],"imageRef":null,"color":{"a":1.0,"r":0.9019607901573181,"g":0.9019607901573181,"b":0.9019607901573181},"opacity":100,"blendMode":"NORMAL","type":"SOLID","isEnabled":true}],"borderOptions":{"borders":[],"strokeWeight":0.525872528553009,"strokeAlign":"INSIDE","strokeJoin":null,"strokeDashes":null,"cornerRadius":null},"effects":[],"textStyle":null,"clipsContent":null,"pbdlType":"style"},"imageReference":"images/vector.svg","prototypeNodeUUID":null,"pbdlType":"image"},{"UUID":"10:393","layoutMainAxisSizing":"INHERIT","layoutCrossAxisSizing":"INHERIT","name":"Frame 1","isVisible":true,"boundaryRectangle":{"constrainProportions":false,"constraints":null,"height":52.587249755859375,"width":42.16607666015625,"x":557.976806640625,"y":-247.08421325683594,"z":12.0,"type":"boundaryBox"},"child":null,"constraints":{"pinLeft":true,"pinRight":true,"pinTop":true,"pinBottom":true,"fixedHeight":false,"fixedWidth":false},"style":{"UUID":"","layoutMainAxisSizing":null,"layoutCrossAxisSizing":null,"name":"","isVisible":true,"boundaryRectangle":null,"style":null,"prototypeNodeUUID":"","child":null,"constraints":null,"fills":[],"borderOptions":{"borders":[],"strokeWeight":0.525872528553009,"strokeAlign":"INSIDE","strokeJoin":null,"strokeDashes":null,"cornerRadius":null},"effects":[],"textStyle":null,"clipsContent":true,"pbdlType":"style"},"imageReference":"images/frame1.svg","prototypeNodeUUID":null,"pbdlType":"image"}],"pbdlType":"group"},{"UUID":"10:394","layoutMainAxisSizing":"INHERIT","layoutCrossAxisSizing":"INHERIT","name":"Group","isVisible":true,"boundaryRectangle":{"constrainProportions":false,"constraints":null,"height":50.167999267578125,"width":48.7099609375,"x":598.8790893554688,"y":-335.04107666015625,"z":8.0,"type":"boundaryBox"},"child":null,"constraints":{"pinLeft":false,"pinRight":false,"pinTop":false,"pinBottom":false,"fixedHeight":false,"fixedWidth":false},"style":{"UUID":"","layoutMainAxisSizing":null,"layoutCrossAxisSizing":null,"name":"","isVisible":true,"boundaryRectangle":null,"style":null,"prototypeNodeUUID":"","child":null,"constraints":null,"fills":[],"borderOptions":{"borders":[],"strokeWeight":0.525872528553009,"strokeAlign":"INSIDE","strokeJoin":null,"strokeDashes":null,"cornerRadius":null},"effects":[],"textStyle":null,"clipsContent":false,"pbdlType":"style"},"imageReference":"images/group.svg","prototypeNodeUUID":null,"pbdlType":"image"},{"UUID":"10:397","layoutMainAxisSizing":"INHERIT","layoutCrossAxisSizing":"INHERIT","name":"Vector","isVisible":true,"boundaryRectangle":{"constrainProportions":false,"constraints":null,"height":66.32717895507812,"width":46.31597900390625,"x":618.77392578125,"y":-284.97418212890625,"z":9.0,"type":"boundaryBox"},"child":null,"constraints":{"pinLeft":true,"pinRight":true,"pinTop":true,"pinBottom":true,"fixedHeight":false,"fixedWidth":false},"style":{"UUID":"","layoutMainAxisSizing":null,"layoutCrossAxisSizing":null,"name":"","isVisible":true,"boundaryRectangle":null,"style":null,"prototypeNodeUUID":"","child":null,"constraints":null,"fills":[{"gradientStops":null,"gradientHandlePositions":[],"imageRef":null,"color":{"a":1.0,"r":1.0,"g":0.7137255072593689,"b":0.7137255072593689},"opacity":100,"blendMode":"NORMAL","type":"SOLID","isEnabled":true}],"borderOptions":{"borders":[],"strokeWeight":0.525872528553009,"strokeAlign":"INSIDE","strokeJoin":null,"strokeDashes":null,"cornerRadius":null},"effects":[],"textStyle":null,"clipsContent":null,"pbdlType":"style"},"imageReference":"images/vector.svg","prototypeNodeUUID":null,"pbdlType":"image"}],"pbdlType":"group"},{"UUID":"42:3","layoutMainAxisSizing":"INHERIT","layoutCrossAxisSizing":"INHERIT","name":"Group 1","isVisible":true,"boundaryRectangle":{"constrainProportions":false,"constraints":null,"height":317.0,"width":363.0,"x":341.0,"y":2.0,"z":1.0,"type":"boundaryBox"},"style":{"UUID":"","layoutMainAxisSizing":null,"layoutCrossAxisSizing":null,"name":"","isVisible":true,"boundaryRectangle":null,"style":null,"prototypeNodeUUID":"","child":null,"constraints":null,"fills":[],"borderOptions":{"borders":[],"strokeWeight":1.0,"strokeAlign":"INSIDE","strokeJoin":null,"strokeDashes":null,"cornerRadius":null},"effects":[],"textStyle":null,"clipsContent":false,"pbdlType":"style"},"prototypeNodeUUID":null,"constraints":{"pinLeft":true,"pinRight":false,"pinTop":true,"pinBottom":false,"fixedHeight":true,"fixedWidth":true},"children":[{"UUID":"10:398","layoutMainAxisSizing":"INHERIT","layoutCrossAxisSizing":"INHERIT","name":"Gets Things done with Debrise","isVisible":true,"boundaryRectangle":{"constrainProportions":false,"constraints":null,"height":68.0,"width":307.0,"x":369.0,"y":2.0,"z":0.0,"type":"boundaryBox"},"style":{"UUID":"","layoutMainAxisSizing":null,"layoutCrossAxisSizing":null,"name":"","isVisible":true,"boundaryRectangle":null,"style":null,"prototypeNodeUUID":"","child":null,"constraints":null,"fills":[{"gradientStops":null,"gradientHandlePositions":[],"imageRef":null,"color":{"a":1.0,"r":0.0,"g":0.0,"b":0.0},"opacity":100,"blendMode":"NORMAL","type":"SOLID","isEnabled":true}],"borderOptions":{"borders":[],"strokeWeight":1.0,"strokeAlign":"OUTSIDE","strokeJoin":null,"strokeDashes":null,"cornerRadius":null},"effects":[],"textStyle":{"UUID":"","layoutMainAxisSizing":null,"layoutCrossAxisSizing":null,"name":"","isVisible":false,"boundaryRectangle":null,"style":null,"prototypeNodeUUID":"","child":null,"constraints":null,"fontFamily":"Poppins","fontPostScriptName":"Poppins-SemiBold","paragraphSpacing":0,"paragraphIndent":0,"listSpacing":0,"italics":null,"fontWeight":600,"fontSize":24.0,"textCase":"ORIGINAL","textDecoration":"NONE","textAutoResize":"NONE","textAlignHorizontal":"CENTER","textAlignVertical":"TOP","letterSpacing":0.0,"fills":null,"hyperLink":null,"opentypeFlags":{},"lineHeightPx":28.125,"lineHeightPercent":100.0,"lineHeightPercentFontSize":null,"lineHeightUnit":"INTRINSIC_%","pbdlType":"text_style"},"clipsContent":null,"pbdlType":"style"},"prototypeNodeUUID":null,"child":null,"constraints":{"pinLeft":true,"pinRight":true,"pinTop":true,"pinBottom":true,"fixedHeight":false,"fixedWidth":false},"pbdlType":"text","content":"Gets Things done with Debrise"},{"UUID":"10:399","layoutMainAxisSizing":"INHERIT","layoutCrossAxisSizing":"INHERIT","name":"Lets create a better world with suistainable Product which helps to save the Environment and Make our LifeStyle even better without hurming any Nature Living organisms","isVisible":true,"boundaryRectangle":{"constrainProportions":false,"constraints":null,"height":65.0,"width":240.0,"x":406.0,"y":97.0,"z":1.0,"type":"boundaryBox"},"style":{"UUID":"","layoutMainAxisSizing":null,"layoutCrossAxisSizing":null,"name":"","isVisible":true,"boundaryRectangle":null,"style":null,"prototypeNodeUUID":"","child":null,"constraints":null,"fills":[{"gradientStops":null,"gradientHandlePositions":[],"imageRef":null,"color":{"a":1.0,"r":0.0,"g":0.0,"b":0.0},"opacity":100,"blendMode":"NORMAL","type":"SOLID","isEnabled":true}],"borderOptions":{"borders":[],"strokeWeight":1.0,"strokeAlign":"OUTSIDE","strokeJoin":null,"strokeDashes":null,"cornerRadius":null},"effects":[],"textStyle":{"UUID":"","layoutMainAxisSizing":null,"layoutCrossAxisSizing":null,"name":"","isVisible":false,"boundaryRectangle":null,"style":null,"prototypeNodeUUID":"","child":null,"constraints":null,"fontFamily":"Poppins","fontPostScriptName":"Poppins-SemiBold","paragraphSpacing":0,"paragraphIndent":0,"listSpacing":0,"italics":null,"fontWeight":600,"fontSize":14.0,"textCase":"ORIGINAL","textDecoration":"NONE","textAutoResize":"NONE","textAlignHorizontal":"CENTER","textAlignVertical":"TOP","letterSpacing":0.0,"fills":null,"hyperLink":null,"opentypeFlags":{},"lineHeightPx":16.40625,"lineHeightPercent":100.0,"lineHeightPercentFontSize":null,"lineHeightUnit":"INTRINSIC_%","pbdlType":"text_style"},"clipsContent":null,"pbdlType":"style"},"prototypeNodeUUID":null,"child":null,"constraints":{"pinLeft":true,"pinRight":true,"pinTop":true,"pinBottom":true,"fixedHeight":false,"fixedWidth":false},"pbdlType":"text","content":"Lets create a better world with suistainable Product which helps to save the Environment and Make our LifeStyle even better without hurming any Nature Living organisms"},{"UUID":"10:400","layoutMainAxisSizing":"INHERIT","layoutCrossAxisSizing":"INHERIT","name":"Rectangle 1","isVisible":true,"boundaryRectangle":{"constrainProportions":false,"constraints":null,"height":51.0,"width":363.0,"x":341.0,"y":268.0,"z":2.0,"type":"boundaryBox"},"style":{"UUID":"","layoutMainAxisSizing":null,"layoutCrossAxisSizing":null,"name":"","isVisible":true,"boundaryRectangle":null,"style":null,"prototypeNodeUUID":"","child":null,"constraints":null,"fills":[{"gradientStops":null,"gradientHandlePositions":[],"imageRef":null,"color":{"a":1.0,"r":0.11372549086809158,"g":0.38823530077934265,"b":0.5098039507865906},"opacity":100,"blendMode":"NORMAL","type":"SOLID","isEnabled":true}],"borderOptions":{"borders":[],"strokeWeight":1.0,"strokeAlign":"INSIDE","strokeJoin":null,"strokeDashes":null,"cornerRadius":10.0},"effects":[],"textStyle":null,"clipsContent":null,"pbdlType":"style"},"prototypeNodeUUID":"10:405","constraints":{"pinLeft":true,"pinRight":true,"pinTop":true,"pinBottom":true,"fixedHeight":false,"fixedWidth":false},"fixedRadius":10.0,"pbdlType":"rectangle","child":null},{"UUID":"10:401","layoutMainAxisSizing":"INHERIT","layoutCrossAxisSizing":"INHERIT","name":"Get Started","isVisible":true,"boundaryRectangle":{"constrainProportions":false,"constraints":null,"height":30.0,"width":193.0,"x":426.0,"y":279.0,"z":3.0,"type":"boundaryBox"},"style":{"UUID":"","layoutMainAxisSizing":null,"layoutCrossAxisSizing":null,"name":"","isVisible":true,"boundaryRectangle":null,"style":null,"prototypeNodeUUID":"","child":null,"constraints":null,"fills":[{"gradientStops":null,"gradientHandlePositions":[],"imageRef":null,"color":{"a":1.0,"r":1.0,"g":1.0,"b":1.0},"opacity":100,"blendMode":"NORMAL","type":"SOLID","isEnabled":true}],"borderOptions":{"borders":[],"strokeWeight":1.0,"strokeAlign":"OUTSIDE","strokeJoin":null,"strokeDashes":null,"cornerRadius":null},"effects":[],"textStyle":{"UUID":"","layoutMainAxisSizing":null,"layoutCrossAxisSizing":null,"name":"","isVisible":false,"boundaryRectangle":null,"style":null,"prototypeNodeUUID":"","child":null,"constraints":null,"fontFamily":"Poppins","fontPostScriptName":"Poppins-SemiBold","paragraphSpacing":0,"paragraphIndent":0,"listSpacing":0,"italics":null,"fontWeight":600,"fontSize":20.0,"textCase":"ORIGINAL","textDecoration":"NONE","textAutoResize":"NONE","textAlignHorizontal":"CENTER","textAlignVertical":"TOP","letterSpacing":0.0,"fills":null,"hyperLink":null,"opentypeFlags":{},"lineHeightPx":23.4375,"lineHeightPercent":100.0,"lineHeightPercentFontSize":null,"lineHeightUnit":"INTRINSIC_%","pbdlType":"text_style"},"clipsContent":null,"pbdlType":"style"},"prototypeNodeUUID":null,"child":null,"constraints":{"pinLeft":true,"pinRight":true,"pinTop":false,"pinBottom":false,"fixedHeight":false,"fixedWidth":false},"pbdlType":"text","content":"Get Started"}],"pbdlType":"group"}],"pbdlType":"group"}],"pbdlType":"group"}]},"isVisible":true},{"UUID":"10:405","layoutMainAxisSizing":null,"layoutCrossAxisSizing":null,"name":"Login Screen","boundaryRectangle":null,"style":null,"prototypeNodeUUID":null,"child":null,"constraints":null,"convert":true,"imageURI":null,"pbdlType":"screen","designNode":{"UUID":"10:405","layoutMainAxisSizing":"INHERIT","layoutCrossAxisSizing":"INHERIT","name":"Login Screen","isVisible":true,"style":{"UUID":"","layoutMainAxisSizing":null,"layoutCrossAxisSizing":null,"name":"","isVisible":true,"boundaryRectangle":null,"style":null,"prototypeNodeUUID":"","child":null,"constraints":null,"fills":[{"gradientStops":null,"gradientHandlePositions":[],"imageRef":null,"color":{"a":1.0,"r":1.0,"g":1.0,"b":1.0},"opacity":100,"blendMode":"NORMAL","type":"SOLID","isEnabled":true}],"borderOptions":{"borders":[],"strokeWeight":1.0,"strokeAlign":"INSIDE","strokeJoin":null,"strokeDashes":null,"cornerRadius":null},"effects":[],"textStyle":null,"clipsContent":true,"pbdlType":"style"},"prototypeNodeUUID":null,"child":null,"constraints":null,"backgroundColor":{"a":1.0,"r":1.0,"g":1.0,"b":1.0},"boundaryRectangle":{"constrainProportions":false,"constraints":null,"height":780.0,"width":364.0,"x":802.0,"y":-381.0,"z":1.0,"type":"boundaryBox"},"isFlowHome":false,"pbdlType":"artboard","children":[{"UUID":"42:6","layoutMainAxisSizing":"INHERIT","layoutCrossAxisSizing":"INHERIT","name":"Group 4","isVisible":true,"boundaryRectangle":{"constrainProportions":false,"constraints":null,"height":550.875,"width":287.155517578125,"x":840.4222412109375,"y":-351.75,"z":0.0,"type":"boundaryBox"},"style":{"UUID":"","layoutMainAxisSizing":null,"layoutCrossAxisSizing":null,"name":"","isVisible":true,"boundaryRectangle":null,"style":null,"prototypeNodeUUID":"","child":null,"constraints":null,"fills":[],"borderOptions":{"borders":[],"strokeWeight":1.0,"strokeAlign":"INSIDE","strokeJoin":null,"strokeDashes":null,"cornerRadius":null},"effects":[],"textStyle":null,"clipsContent":false,"pbdlType":"style"},"prototypeNodeUUID":null,"constraints":{"pinLeft":true,"pinRight":false,"pinTop":true,"pinBottom":false,"fixedHeight":true,"fixedWidth":true},"children":[{"UUID":"10:525","layoutMainAxisSizing":"INHERIT","layoutCrossAxisSizing":"INHERIT","name":"User name","isVisible":true,"boundaryRectangle":{"constrainProportions":false,"constraints":null,"height":50.70000076293945,"width":287.155517578125,"x":840.4222412109375,"y":0.225006103515625,"z":0.0,"type":"boundaryBox"},"style":{"UUID":"","layoutMainAxisSizing":null,"layoutCrossAxisSizing":null,"name":"","isVisible":true,"boundaryRectangle":null,"style":null,"prototypeNodeUUID":"","child":null,"constraints":null,"fills":[{"gradientStops":null,"gradientHandlePositions":[],"imageRef":null,"color":{"a":1.0,"r":1.0,"g":1.0,"b":1.0},"opacity":100,"blendMode":"NORMAL","type":"SOLID","isEnabled":true}],"borderOptions":{"borders":[{"blendMode":"NORMAL","type":"SOLID","color":{"a":1.0,"r":0.4583333432674408,"g":0.4468750059604645,"b":0.4468750059604645},"visible":true}],"strokeWeight":3.0,"strokeAlign":"INSIDE","strokeJoin":null,"strokeDashes":null,"cornerRadius":5.0},"effects":[],"textStyle":null,"clipsContent":null,"pbdlType":"style"},"prototypeNodeUUID":null,"constraints":{"pinLeft":false,"pinRight":false,"pinTop":false,"pinBottom":false,"fixedHeight":false,"fixedWidth":false},"fixedRadius":5.0,"pbdlType":"rectangle","child":null},{"UUID":"10:527","layoutMainAxisSizing":"INHERIT","layoutCrossAxisSizing":"INHERIT","name":"Password","isVisible":true,"boundaryRectangle":{"constrainProportions":false,"constraints":null,"height":50.69999694824219,"width":287.155517578125,"x":840.4222412109375,"y":78.22500610351562,"z":1.0,"type":"boundaryBox"},"style":{"UUID":"","layoutMainAxisSizing":null,"layoutCrossAxisSizing":null,"name":"","isVisible":true,"boundaryRectangle":null,"style":null,"prototypeNodeUUID":"","child":null,"constraints":null,"fills":[{"gradientStops":null,"gradientHandlePositions":[],"imageRef":null,"color":{"a":1.0,"r":1.0,"g":1.0,"b":1.0},"opacity":100,"blendMode":"NORMAL","type":"SOLID","isEnabled":true}],"borderOptions":{"borders":[{"blendMode":"NORMAL","type":"SOLID","color":{"a":1.0,"r":0.4583333432674408,"g":0.4468750059604645,"b":0.4468750059604645},"visible":true}],"strokeWeight":3.0,"strokeAlign":"INSIDE","strokeJoin":null,"strokeDashes":null,"cornerRadius":5.0},"effects":[],"textStyle":null,"clipsContent":null,"pbdlType":"style"},"prototypeNodeUUID":null,"constraints":{"pinLeft":false,"pinRight":false,"pinTop":false,"pinBottom":false,"fixedHeight":false,"fixedWidth":false},"fixedRadius":5.0,"pbdlType":"rectangle","child":null},{"UUID":"10:528","layoutMainAxisSizing":"INHERIT","layoutCrossAxisSizing":"INHERIT","name":"Password","isVisible":true,"boundaryRectangle":{"constrainProportions":false,"constraints":null,"height":42.899993896484375,"width":287.155517578125,"x":840.4222412109375,"y":156.22500610351562,"z":2.0,"type":"boundaryBox"},"style":{"UUID":"","layoutMainAxisSizing":null,"layoutCrossAxisSizing":null,"name":"","isVisible":true,"boundaryRectangle":null,"style":null,"prototypeNodeUUID":"","child":null,"constraints":null,"fills":[{"gradientStops":null,"gradientHandlePositions":[],"imageRef":null,"color":{"a":1.0,"r":0.11372549086809158,"g":0.38823530077934265,"b":0.5098039507865906},"opacity":100,"blendMode":"NORMAL","type":"SOLID","isEnabled":true}],"borderOptions":{"borders":[],"strokeWeight":3.0,"strokeAlign":"INSIDE","strokeJoin":null,"strokeDashes":null,"cornerRadius":5.0},"effects":[],"textStyle":null,"clipsContent":null,"pbdlType":"style"},"prototypeNodeUUID":null,"constraints":{"pinLeft":false,"pinRight":false,"pinTop":false,"pinBottom":false,"fixedHeight":false,"fixedWidth":false},"fixedRadius":5.0,"pbdlType":"rectangle","child":null},{"UUID":"10:529","layoutMainAxisSizing":"INHERIT","layoutCrossAxisSizing":"INHERIT","name":"Login","isVisible":true,"boundaryRectangle":{"constrainProportions":false,"constraints":null,"height":29.25,"width":55.611083984375,"x":956.7000122070312,"y":163.04998779296875,"z":3.0,"type":"boundaryBox"},"style":{"UUID":"","layoutMainAxisSizing":null,"layoutCrossAxisSizing":null,"name":"","isVisible":true,"boundaryRectangle":null,"style":null,"prototypeNodeUUID":"","child":null,"constraints":null,"fills":[{"gradientStops":null,"gradientHandlePositions":[],"imageRef":null,"color":{"a":1.0,"r":1.0,"g":1.0,"b":1.0},"opacity":100,"blendMode":"NORMAL","type":"SOLID","isEnabled":true}],"borderOptions":{"borders":[],"strokeWeight":1.0,"strokeAlign":"OUTSIDE","strokeJoin":null,"strokeDashes":null,"cornerRadius":null},"effects":[],"textStyle":{"UUID":"","layoutMainAxisSizing":null,"layoutCrossAxisSizing":null,"name":"","isVisible":false,"boundaryRectangle":null,"style":null,"prototypeNodeUUID":"","child":null,"constraints":null,"fontFamily":"Poppins","fontPostScriptName":"Poppins-SemiBold","paragraphSpacing":0,"paragraphIndent":0,"listSpacing":0,"italics":null,"fontWeight":600,"fontSize":20.0,"textCase":"ORIGINAL","textDecoration":"NONE","textAutoResize":"NONE","textAlignHorizontal":"CENTER","textAlignVertical":"TOP","letterSpacing":0.0,"fills":null,"hyperLink":null,"opentypeFlags":{},"lineHeightPx":23.4375,"lineHeightPercent":100.0,"lineHeightPercentFontSize":null,"lineHeightUnit":"INTRINSIC_%","pbdlType":"text_style"},"clipsContent":null,"pbdlType":"style"},"prototypeNodeUUID":null,"child":null,"constraints":{"pinLeft":false,"pinRight":false,"pinTop":false,"pinBottom":false,"fixedHeight":false,"fixedWidth":false},"pbdlType":"text","content":"Login"},{"UUID":"10:530","layoutMainAxisSizing":"INHERIT","layoutCrossAxisSizing":"INHERIT","name":"undraw_access_account_re_8spm 1","isVisible":true,"boundaryRectangle":{"constrainProportions":false,"constraints":null,"height":275.92498779296875,"width":285.2906494140625,"x":840.4222412109375,"y":-351.75,"z":4.0,"type":"boundaryBox"},"child":null,"constraints":{"pinLeft":false,"pinRight":false,"pinTop":false,"pinBottom":false,"fixedHeight":false,"fixedWidth":false},"style":{"UUID":"","layoutMainAxisSizing":null,"layoutCrossAxisSizing":null,"name":"","isVisible":true,"boundaryRectangle":null,"style":null,"prototypeNodeUUID":"","child":null,"constraints":null,"fills":[{"gradientStops":null,"gradientHandlePositions":[],"imageRef":null,"color":{"a":1.0,"r":1.0,"g":1.0,"b":1.0},"opacity":100,"blendMode":"NORMAL","type":"SOLID","isEnabled":false}],"borderOptions":{"borders":[],"strokeWeight":0.37880969047546387,"strokeAlign":"INSIDE","strokeJoin":null,"strokeDashes":null,"cornerRadius":null},"effects":[],"textStyle":null,"clipsContent":true,"pbdlType":"style"},"imageReference":"images/undrawaccessaccountre8spm1.svg","prototypeNodeUUID":null,"pbdlType":"image"},{"UUID":"24:563","layoutMainAxisSizing":"INHERIT","layoutCrossAxisSizing":"INHERIT","name":"Enter User Name","isVisible":true,"boundaryRectangle":{"constrainProportions":false,"constraints":null,"height":29.25,"width":260.86663818359375,"x":856.6000366210938,"y":10.95001220703125,"z":5.0,"type":"boundaryBox"},"style":{"UUID":"","layoutMainAxisSizing":null,"layoutCrossAxisSizing":null,"name":"","isVisible":true,"boundaryRectangle":null,"style":null,"prototypeNodeUUID":"","child":null,"constraints":null,"fills":[{"gradientStops":null,"gradientHandlePositions":[],"imageRef":null,"color":{"a":1.0,"r":0.0,"g":0.0,"b":0.0},"opacity":100,"blendMode":"NORMAL","type":"SOLID","isEnabled":true}],"borderOptions":{"borders":[],"strokeWeight":1.0,"strokeAlign":"OUTSIDE","strokeJoin":null,"strokeDashes":null,"cornerRadius":null},"effects":[],"textStyle":{"UUID":"","layoutMainAxisSizing":null,"layoutCrossAxisSizing":null,"name":"","isVisible":false,"boundaryRectangle":null,"style":null,"prototypeNodeUUID":"","child":null,"constraints":null,"fontFamily":"Poppins","fontPostScriptName":"Poppins-Light","paragraphSpacing":0,"paragraphIndent":0,"listSpacing":0,"italics":null,"fontWeight":300,"fontSize":20.0,"textCase":"ORIGINAL","textDecoration":"NONE","textAutoResize":"NONE","textAlignHorizontal":"LEFT","textAlignVertical":"TOP","letterSpacing":0.0,"fills":null,"hyperLink":null,"opentypeFlags":{},"lineHeightPx":23.4375,"lineHeightPercent":100.0,"lineHeightPercentFontSize":null,"lineHeightUnit":"INTRINSIC_%","pbdlType":"text_style"},"clipsContent":null,"pbdlType":"style"},"prototypeNodeUUID":null,"child":null,"constraints":{"pinLeft":false,"pinRight":false,"pinTop":false,"pinBottom":false,"fixedHeight":false,"fixedWidth":false},"pbdlType":"text","content":"Enter User Name"},{"UUID":"24:564","layoutMainAxisSizing":"INHERIT","layoutCrossAxisSizing":"INHERIT","name":"Enter Password","isVisible":true,"boundaryRectangle":{"constrainProportions":false,"constraints":null,"height":29.25,"width":268.95556640625,"x":848.5111083984375,"y":88.95001220703125,"z":6.0,"type":"boundaryBox"},"style":{"UUID":"","layoutMainAxisSizing":null,"layoutCrossAxisSizing":null,"name":"","isVisible":true,"boundaryRectangle":null,"style":null,"prototypeNodeUUID":"","child":null,"constraints":null,"fills":[{"gradientStops":null,"gradientHandlePositions":[],"imageRef":null,"color":{"a":1.0,"r":0.0,"g":0.0,"b":0.0},"opacity":100,"blendMode":"NORMAL","type":"SOLID","isEnabled":true}],"borderOptions":{"borders":[],"strokeWeight":1.0,"strokeAlign":"OUTSIDE","strokeJoin":null,"strokeDashes":null,"cornerRadius":null},"effects":[],"textStyle":{"UUID":"","layoutMainAxisSizing":null,"layoutCrossAxisSizing":null,"name":"","isVisible":false,"boundaryRectangle":null,"style":null,"prototypeNodeUUID":"","child":null,"constraints":null,"fontFamily":"Poppins","fontPostScriptName":"Poppins-Light","paragraphSpacing":0,"paragraphIndent":0,"listSpacing":0,"italics":null,"fontWeight":300,"fontSize":20.0,"textCase":"ORIGINAL","textDecoration":"NONE","textAutoResize":"NONE","textAlignHorizontal":"LEFT","textAlignVertical":"TOP","letterSpacing":0.0,"fills":null,"hyperLink":null,"opentypeFlags":{},"lineHeightPx":23.4375,"lineHeightPercent":100.0,"lineHeightPercentFontSize":null,"lineHeightUnit":"INTRINSIC_%","pbdlType":"text_style"},"clipsContent":null,"pbdlType":"style"},"prototypeNodeUUID":null,"child":null,"constraints":{"pinLeft":false,"pinRight":false,"pinTop":false,"pinBottom":false,"fixedHeight":false,"fixedWidth":false},"pbdlType":"text","content":"Enter Password"}],"pbdlType":"group"}]},"isVisible":true},{"UUID":"3:2","layoutMainAxisSizing":null,"layoutCrossAxisSizing":null,"name":"Splash Screen1","boundaryRectangle":null,"style":null,"prototypeNodeUUID":null,"child":null,"constraints":null,"convert":true,"imageURI":null,"pbdlType":"screen","designNode":{"UUID":"3:2","layoutMainAxisSizing":"INHERIT","layoutCrossAxisSizing":"INHERIT","name":"Splash Screen1","isVisible":true,"style":{"UUID":"","layoutMainAxisSizing":null,"layoutCrossAxisSizing":null,"name":"","isVisible":true,"boundaryRectangle":null,"style":null,"prototypeNodeUUID":"","child":null,"constraints":null,"fills":[{"gradientStops":null,"gradientHandlePositions":[],"imageRef":null,"color":{"a":1.0,"r":1.0,"g":1.0,"b":1.0},"opacity":100,"blendMode":"NORMAL","type":"SOLID","isEnabled":true}],"borderOptions":{"borders":[],"strokeWeight":1.0,"strokeAlign":"INSIDE","strokeJoin":null,"strokeDashes":null,"cornerRadius":null},"effects":[],"textStyle":null,"clipsContent":true,"pbdlType":"style"},"prototypeNodeUUID":"4:7","child":null,"constraints":null,"backgroundColor":{"a":1.0,"r":1.0,"g":1.0,"b":1.0},"boundaryRectangle":{"constrainProportions":false,"constraints":null,"height":800.0,"width":360.0,"x":-596.0,"y":-401.0,"z":2.0,"type":"boundaryBox"},"isFlowHome":false,"pbdlType":"artboard","children":[{"UUID":"30:571","layoutMainAxisSizing":"INHERIT","layoutCrossAxisSizing":"INHERIT","name":"Transition Wipe","isVisible":true,"boundaryRectangle":{"constrainProportions":false,"constraints":null,"height":262.0,"width":262.0,"x":-547.0,"y":-132.0,"z":0.0,"type":"boundaryBox"},"child":null,"constraints":{"pinLeft":false,"pinRight":false,"pinTop":false,"pinBottom":false,"fixedHeight":true,"fixedWidth":true},"style":{"UUID":"","layoutMainAxisSizing":null,"layoutCrossAxisSizing":null,"name":"","isVisible":true,"boundaryRectangle":null,"style":null,"prototypeNodeUUID":"","child":null,"constraints":null,"fills":[{"gradientStops":null,"gradientHandlePositions":[],"imageRef":null,"color":{"a":1.0,"r":0.11372549086809158,"g":0.38823530077934265,"b":0.5098039507865906},"opacity":100,"blendMode":"NORMAL","type":"SOLID","isEnabled":true}],"borderOptions":{"borders":[],"strokeWeight":1.1909091472625732,"strokeAlign":"INSIDE","strokeJoin":null,"strokeDashes":null,"cornerRadius":null},"effects":[],"textStyle":null,"clipsContent":null,"pbdlType":"style"},"imageReference":"images/transitionwipe.png","prototypeNodeUUID":null,"pbdlType":"image"},{"UUID":"29:567","layoutMainAxisSizing":"INHERIT","layoutCrossAxisSizing":"INHERIT","name":"photo_2022-06-11_22-42-29 1","isVisible":true,"boundaryRectangle":{"constrainProportions":false,"constraints":null,"height":29.133543014526367,"width":215.5545654296875,"x":-524.0,"y":-15.290924072265625,"z":1.0,"type":"boundaryBox"},"child":null,"constraints":{"pinLeft":false,"pinRight":false,"pinTop":false,"pinBottom":false,"fixedHeight":true,"fixedWidth":true},"style":{"UUID":"","layoutMainAxisSizing":null,"layoutCrossAxisSizing":null,"name":"","isVisible":true,"boundaryRectangle":null,"style":null,"prototypeNodeUUID":"","child":null,"constraints":null,"fills":[{"gradientStops":null,"gradientHandlePositions":[],"imageRef":"9545cbd6738b5793b37ce588d8266c56b40030bd","color":null,"opacity":100,"blendMode":"NORMAL","type":"IMAGE","isEnabled":true}],"borderOptions":{"borders":[],"strokeWeight":0.16840198636054993,"strokeAlign":"INSIDE","strokeJoin":null,"strokeDashes":null,"cornerRadius":null},"effects":[],"textStyle":null,"clipsContent":null,"pbdlType":"style"},"imageReference":"images/photo202206112242291.png","prototypeNodeUUID":null,"pbdlType":"image"},{"UUID":"3:5","layoutMainAxisSizing":"INHERIT","layoutCrossAxisSizing":"INHERIT","name":"Transition Wipe","isVisible":true,"boundaryRectangle":{"constrainProportions":false,"constraints":null,"height":262.0,"width":262.0,"x":-547.0,"y":-132.0,"z":2.0,"type":"boundaryBox"},"child":null,"constraints":{"pinLeft":false,"pinRight":false,"pinTop":false,"pinBottom":false,"fixedHeight":true,"fixedWidth":true},"style":{"UUID":"","layoutMainAxisSizing":null,"layoutCrossAxisSizing":null,"name":"","isVisible":true,"boundaryRectangle":null,"style":null,"prototypeNodeUUID":"","child":null,"constraints":null,"fills":[{"gradientStops":null,"gradientHandlePositions":[],"imageRef":null,"color":{"a":1.0,"r":1.0,"g":1.0,"b":1.0},"opacity":100,"blendMode":"NORMAL","type":"SOLID","isEnabled":true}],"borderOptions":{"borders":[],"strokeWeight":1.1909091472625732,"strokeAlign":"INSIDE","strokeJoin":null,"strokeDashes":null,"cornerRadius":null},"effects":[],"textStyle":null,"clipsContent":null,"pbdlType":"style"},"imageReference":"images/transitionwipe.png","prototypeNodeUUID":null,"pbdlType":"image"}]},"isVisible":true},{"UUID":"4:7","layoutMainAxisSizing":null,"layoutCrossAxisSizing":null,"name":"Splash Screen2","boundaryRectangle":null,"style":null,"prototypeNodeUUID":null,"child":null,"constraints":null,"convert":true,"imageURI":null,"pbdlType":"screen","designNode":{"UUID":"4:7","layoutMainAxisSizing":"INHERIT","layoutCrossAxisSizing":"INHERIT","name":"Splash Screen2","isVisible":true,"style":{"UUID":"","layoutMainAxisSizing":null,"layoutCrossAxisSizing":null,"name":"","isVisible":true,"boundaryRectangle":null,"style":null,"prototypeNodeUUID":"","child":null,"constraints":null,"fills":[{"gradientStops":null,"gradientHandlePositions":[],"imageRef":null,"color":{"a":1.0,"r":1.0,"g":1.0,"b":1.0},"opacity":100,"blendMode":"NORMAL","type":"SOLID","isEnabled":true}],"borderOptions":{"borders":[],"strokeWeight":1.0,"strokeAlign":"INSIDE","strokeJoin":null,"strokeDashes":null,"cornerRadius":null},"effects":[],"textStyle":null,"clipsContent":true,"pbdlType":"style"},"prototypeNodeUUID":"10:371","child":null,"constraints":null,"backgroundColor":{"a":1.0,"r":1.0,"g":1.0,"b":1.0},"boundaryRectangle":{"constrainProportions":false,"constraints":null,"height":800.0,"width":360.0,"x":-140.0,"y":-401.0,"z":3.0,"type":"boundaryBox"},"isFlowHome":false,"pbdlType":"artboard","children":[{"UUID":"10:367","layoutMainAxisSizing":"INHERIT","layoutCrossAxisSizing":"INHERIT","name":"Transition Wipe","isVisible":true,"boundaryRectangle":{"constrainProportions":false,"constraints":null,"height":800.0,"width":746.0,"x":-339.0,"y":-401.0,"z":0.0,"type":"boundaryBox"},"style":{"UUID":"","layoutMainAxisSizing":null,"layoutCrossAxisSizing":null,"name":"","isVisible":true,"boundaryRectangle":null,"style":null,"prototypeNodeUUID":"","child":null,"constraints":null,"fills":[{"gradientStops":null,"gradientHandlePositions":[],"imageRef":null,"color":{"a":1.0,"r":0.1143750250339508,"g":0.39014574885368347,"b":0.5083333253860474},"opacity":100,"blendMode":"NORMAL","type":"SOLID","isEnabled":true}],"borderOptions":{"borders":[],"strokeWeight":1.0,"strokeAlign":"INSIDE","strokeJoin":null,"strokeDashes":null,"cornerRadius":200.0},"effects":[],"textStyle":null,"clipsContent":null,"pbdlType":"style"},"prototypeNodeUUID":null,"constraints":{"pinLeft":false,"pinRight":false,"pinTop":false,"pinBottom":false,"fixedHeight":true,"fixedWidth":true},"fixedRadius":200.0,"pbdlType":"rectangle","child":null}]},"isVisible":true}],"pbdlType":"page"}],"miscPages":[],"sharedStyles":[],"pbdlType":"project"}